22,175.136.244.1,Malaysia
18,175.136.244.1,Malaysia
16,175.136.244.1,Malaysia
14,175.136.244.1,Malaysia
14,175.136.244.1,Malaysia
13,175.136.244.1,Malaysia
13,175.136.244.1,Malaysia
11,103.27.9.1,India
21,61.135.169.125,China
21,61.135.169.125,China
17,49.205.64.1,India
16,49.205.64.1,India
14,61.135.169.125,China
14,49.205.64.1,India
12,49.205.64.1,India
12,49.205.64.1,India
12,49.205.64.1,India
11,61.135.169.125,China
11,61.135.169.125,China
18,8.8.8.8,United States
14,8.8.8.8,United States
14,8.8.8.8,United States
13,8.8.8.8,United States
11,8.8.8.8,United States
11,8.8.8.8,United States
11,8.8.8.8,United States
11,3.85.12.1,United States
